Emotion,RGB1_R,RGB1_G,RGB1_B,RGB2_R,RGB2_G,RGB2_B,RGB3_R,RGB3_G,RGB3_B
Bright, 229,0,13 , 225,225,255 , 253 , 166 , 74 
Festive, 229,0,13 , 225,225,255 , 255,242,0 
Lively, 229,0,13 , 225,225,255 , 26,67,155 
Hot, 229,0,13 , 138,112,12 , 255,242,0 
Vigorous, 229,0,13 , 255,242,0 , 12,32,120 
Bold, 229,0,13 , 225,225,255 , 0,0,0 
Forceful, 227,26,42 , 0,0,0 , 229,0,13  
Dynamic, 229,0,13 , 0,0,0 , 255,242,0
Dynamic, and active 1,144,102 , 229,0,13 , 0,0,0 
Rich, 242,100,1 , 222,26,42 , 191,169,11 
Mature,  222,26,42 , 251, 167, 157 , 126,58,88 
Alluming, 222,26,42 , 202 , 130 , 144 ,  126,58,88 
Untamed  ,222,26,42 , 150 , 58 , 4 , 47,105,70
Glossy    ,227,26,42  ,  191,169,11  ,   177,137,193  
Fascinating, 99,63,110 , 227,26,42 , 165,123,177 
Abundant  ,242,100,1  , 227,26,42  , 47,105,70
Luxurious ,222,26,42 , 191,169,11 , 40,0,24 
Mellow ,73,10,35 , 222,26,42 , 32,10,70 
Sweet ,251,103,89 , 253,217,205 , 253,192,145 
Cheerful, 251,103,89 , 253,192,145 , 155, 242, 124
Childlike, 251,103,89 , 255,250,184 , 153,216,212 
Joyful ,248,117,157 , 255,242,124 , 251,103,89 
Bright ,251,103,89 , 255,255,255 , 255,242,0
Merry ,253,217,205 , 191,169,11 ,116,196,118 
Festive, 229,0,13 , 255,255,255 , 251,103,89
Colourful, 255,242,63 , 251,103,89 , 177,137,193 
Brilliant, 187,45,105 , 251,103,89 , 106,51,135
Sweet, 251,167,89 , 255,250,184 , 253,192,145
Pretty,  251,103,89 , 251,167,157 , 254,230,194 
Sunny  ,251,167,157 , 254,230,194 , 210,168,159 
Generous,   234,124,104 , 251,167,157 , 255,250,184 
Childlike, 251,167,89 , 255,242,124 , 145,209,127 
Sweet and Dreamy, 252,167,157 , 254,230,194 , 251,174,193 
Sweet - Sour, 252,167,157 , 173,219,93 , 255,242,63 
Cute, 252,167,157 , 255,242,124 , 153,216,212 
Feminine, 252,167,157 , 254,230,194 , 198,183,186 
Agreeable to touch,  210,168,159 , 253,217,205 , 251,167,157 
Amiable ,208,180,137 , 253,217,205 , 208,194,142 
Innocent ,253,217,205 , 255,255,255 , 192,230,184 
Smooth ,253,217,205 , 210,168,159 , 234,124,104 
Gentle ,253,217,205 , 198,183,186 , 208,194,142 
Supple ,253,217,205 , 222,222,222 , 192,230,184 
Sweet and Dreamy ,251,174,193 , 253,217,205 , 207,179,215 
Soft ,253,217,205 , 251,174,193 , 234,216,227 
Charming, 251,174,193 , 253,217,205 , 204,236,232 
Agreeable to touch,   208,180,137 , 253,217,205 , 210,168,159 
Supple , 210,168,159 , 198,183,186, 254,230,194
Soft ,254,230,194 , 242,242,242, 171,181,136
Smooth,  215,144,92 , 210,168,159, 253,217,205 
Amiable,  254,230,194 , 210,168,159, 186,186,186
Tender , 253,217,205 , 234,124,104 , 133,95,104 
Gentle and Elegant ,210,168,159 , 234,124,104 , 138,101,97 
Mild , 210,168,159 , 234,124,104, 149,78,29
Genteed, 210,168,159 , 115,95,108 , 198,183,186 
Pleasant ,234,124,104 , 208, 194, 142, 215,144,92 
Mild   ,254,230,194 , 208,180,137 , 234,124,104 
Tender  ,254,230,194 , 234,124,104, 207,137,193
Domestic , 253,192,145 , 234,124,104 , 208,180,137 
Generous  ,234,124,104 , 208,180,137 , 149,78,29 
Emotional  ,215,188,188 , 234,124,104 , 145,111,93 
Casual , 153,166,74 , 255,250,184 , 234,124,104 
Gentle and Elegant , 234,124,104 , 210,168,159 , 138,101,97 
Graceful  ,234,124,104 , 215,188,188 , 115,95,108 
Gentle and Elegant, 234,124,104 , 208,180,137 , 138,101,97 
Calm ,138,101,97 , 222,222,222 , 112,116,72
Sedate, 217,228,228 , 186,186,186 , 138,101,97 
Nostalgic, 210,168,159 , 138,101,97 , 149,60,53
Japanese ,138,101,97 , 208,180,137 , 130,99,61 
Elegant ,198,183,186 , 138,101,97 , 115,95,108 
Mellow ,138,0,7 , 138,101,97 , 72,13,104 
Sleek ,126,58,88 , 138,101,97 , 215,188,188 
Emotional, 138,101,97 , 198,183,186 , 133,95,104 
Delicious, 227,26,42 , Y227,26,42 , 149,60,53
Pleasant ,149,60,53 , 215,144,92 , 208,194,142
Nostalgic ,149,60,53 , 208,180,137 , 138,112,12
Matute ,191,169,11 , 73,0,35 , 149,60,53
Interesting,  72,13,104 , 149,60,53 , 112,116,72
Diligent ,149,60,53 , 10,21,82 , 96,122,38
Alluming , 99,63,110 , 149,60,53 , 138,0,7
Tasteful , 145,111,93 , 51,73,18 , 149,60,53  
Extravagant,   138,0,7 , 191,169,11 , 72,13,104
Mellow  ,138,0,7 , 145,111,93 , 32,10,70
Ethnic  ,138,0,7 , 99,63,110 , 138,112,12
Tasteful , 145,111,93 , 51,73,18 , 149,60,53 
Rich  ,138,0,7 , 191,169,11 , 51,73,18
Luxurious,  191,169,11 , 138,0,7 , 0,0,0
Elaborate ,138,0,7 , 32,10,70 , 37,95,81  
Robust  ,0,0,0 , 138,0,7 , 112,11,1
Dynamic and Active , 138,0,7 , 0,0,0 , 242,100,1
Untamed , 138,0,7 , 0,0,0 , 14,57,21 
Fruitful , 112,11,1 , 149,60,53 , 215,144,92
Ethnic, 112,11,1 , 126,100,12 , 99,63,110
Elaborate ,138,112,12 , 112,11,1 , 106,51,135
Mellow  ,112,11,1 , 149,60,53 , 72,13,104 
Traditional,  149,78,29 , 112,11,1 , 53,21,3
Substantial ,112,116,72 , 112,11,1 , 0,0,0
Heavy and Deep ,112,11,1 , 112,41,3 , 0,0,0  
Old - Fashioned, 45,0,5 , 127,127,127 , 112,11,1
Untamed  ,51,73,18 , 112,11,1 , 33,36,10 
Dynamic and Active, 229,0,13 , 255,242,0 , 45,0,5
Placid ,89,55,8 , 145,111,93 , 45,0,5
Quiet and Sophisticated, 45,0,5 , 89,55,8 , 127,127,127
Wild  ,229,0,13 , 45,0,5 , 191,169,11 
Old - Fashioned , 45,0,5 , 127,127,127 , 112,11,1
Dignified ,45,0,5 , 127,127,127 , 4,36,65
Untamed ,126,100,12 , 138,0,7 , 45,0,5  
Serious ,45,0,5 , 112,41,3 , 26,9,42
Strong and Robust,  45,0,5 , 82,82,82 , 5,11,48 
Dazzling ,229,0,13 , 255,127,0 , 255,242,63
Flamboyant, 255,127,0 , 212,0,57 , 255,242,0
Forceful ,229,0,13 , 255,127,0 , 255,242,0
Abundant ,255,127,0 , 166,151,51 , 227,26,42 
Tropical , 212,0,57 , 255,127,0 , 0,86,48
Casual, 255,127,0 , 255,242,124 , 78,181,135
Enjoyable, 255,127,0 , 255,242,0 , 103,195,183  
Lively, 255,127,0 , 255,255,255 , 26,67,155
Delicious , 255,127,0 , 149,78,29 , 253,192,145 
Aromatic ,242,100,1 , 253,192,145 , 150,58,4
Delicious, 227,26,42 , 242,100,1 , 149,60,53
Luxurious ,138,0,7 , 99,63,110 , 242,100,1
Bright ,229,0,13 , 242,242,242 , 242,100,1 
Abundant,  227,26,42 , 191,169,11 , 242,100,1
Dynamic and Active, 227,26,42 , 26,26,26 , 242,100,1
Enjoyable ,242,100,1 , 255,242,63 , 78,181,135  
Rich, 242,100,1 , 227,26,42 , 126,58,88
Untamed,  242,100,1 , 45,0,5 , 89,55,8 
Delicious, 255,242,124 , 253, 166 , 74 , 254,230,194
Merry ,251,103,89 , 255,242,124 , 153,166,74
Bright ,229,0,13 , 255,255,255 , 153,166,74
Friendly,  153,166,74 , 255,255,255 , 255,242,63 
Open  ,153,166,74 , 255,242,124 , 153,215,179
Lively ,229,0,13 , 153,166,74 , 26,67,155
Lighthearted, 153,166,74 , 255,250,184 , 116,196,118  
Amusing ,153,166,74 , 145,209,127 , 248,117,157
Healthy , 153,166,74 , 255,250,184 , 103,195,183 
Sweet ,251,167,89 , 254,230,194 , 253,192,145
Cheerful, 177,137,193 , 253,192,145 , 255,242,124
Domestic ,253,192,145 , 234,124,104 , 208,180,137
Restful  ,253,192,145 , 255,250,184 , 171,181,136 
Lighthearted,  253,192,145 , 255,250,184 , 166,151,51
Intimate ,254,230,194 , 253,192,145 , 215,144,92
Sunny, 253,192,145 , 254,230,194 , 173,219,93  
Free ,253,192,145 , 255,250,184 , 153,215,179
Friendly , 253,192,145 , 255,250,184 , 179,221,61 
Soft ,251,167,89 , 255,255,255 , 254,230,194
Intimate, 254,230,194 , 215,144,92 , 208,194,142
Mild ,254,230,194 , 208,180,137 , 234,124,104
Domestic,  251,167,89 , 254,230,194 , 171,181,136 
Sunny  ,253,192,145 , 254,230,194 , 173,219,93
Charming, 251,174,193 , 254,230,194 , 204,236,232
Dreamy ,254,230,194 , 191,230,200 , 234,216,227  
Delicate, 215,188,188 , 254,230,194 , 222,222,222
Feminine , 215,188,188 , 254,230,194 , 207,179,215 
Agreeable to the touch ,208,180,137 , 208,194,142 , 255,250,184
Smooth, 242,242,242 , 208,180,137 , 215,144,92
Generous, 208,180,137 , 234,124,104 , 149,78,29
Amiable  ,208,180,137 , 255,255,255 , 208 , 194 , 142
Intimate  ,208,180,137 , 254,230,194 , 208,194,142
Pleasant ,254,230,194 , 208,180,137 , 138,101,97
Gentle ,208,180,137 , 242,242,242 , 204,236,232  
Dry, 208,180,137 , 254,230,194 , 222,222,222
Mild , 208,180,137 , 254,230,194 , 215,188,188 
Intimate, 253,192,145 , 215,144,92 , 253,217,205
Pleasant, 251,167,89 , 253,217,205 , 215,144,92
Calm ,149,78,29 , 210,168,159 , 215,144,92
Amiable,  254,230,194 , 208,180,137 , 215,144,92 
Natural , 215,144,92 , 166,151,51 , 208,194,142
Gentple ,138,101,97 , 215,144,92 , 208,194,142
Wholesome, 215,144,92 , 255,250,184 , 171,181,136  
Generous ,215,144,92 , 254,230,194 , 166,151,51
Domestic , 215,144,92 , 254,230,194 , 103,186,116 
Calm ,145,111,93 , 208,194,142 , 130,99,61
Provincial ,166,151,51 , 138,112,12 , 145,111,93
Placid, 89,55,8 , 145,111,93 , 45,0,5
Modest , 145,111,93 , 222,222,222 , 133,95,104 
Chic  ,186,186,186 , 145,111,93 , 82,82,82
Subtle and Mysterious, 145,111,93 , 127,127,127 , 51,51,51
Aqueous ,145,111,93 , 166,181,183 , 98,116,114  
Simple  Quiet and Elegant, 145,111,93 , 161,161,161 , 222,222,222
Sober  ,130,99,61 , 82,82,82 , 145, 111 , 92
Calm ,149,78,29 , 210,168,159 , 215,144,92
Aromatic ,112,11,1 , 166,151,51 , 149,78,29
Old - Fashioned ,105,0,51 , 149,78,29 , 53,21,3
Simple  Quiet and Elegant  ,149,78,29 , 161,161,161 , 138,112,12 
Classic , 112,41,3 , 149,78,29 , 126,100,12
Provincial, 149,78,29 , 138,112,12 , 82,82,82
Diligent ,149,78,29 , 145,111,93 , 53,21,3  
Traditional, 89,55,8 , 149,78,29 , 5,11,48
Rustic, 112,41,3 , 149,78,29 , 126,100,12 
Delicious, 150,58,4 , 208,180,137 , 255,127,0
Rustic ,53,32,6 , 150,58,4 , 126,100,12
Untamed ,150,58,4 , 227,26,42 , 89,55,8
Aromatic ,112,41,3 , 150,58,4 , 215,144,92 
Practical ,150,58,4 , 45,0,5 , 112,116,72
Grant ,191,169,11 , 150,58,4 , 0,0,0
Pastoral, 150,58,4 , 166,151,51 , 126,100,12  
Traditional, 32,10,70 , 150,58,4 , 51,73,18
Sturdy, 5,11,48 , 150,58,4 , 0,0,0 
Pastoral, 215,144,92 , 138,112,12 , 112,41,3
Rustic, 191,169,11 , 150,58,4 , 112,41,3
Substantial, 112,11,1 , 191,169,11 , 112,41,3
Aromatic, 149,78,29 , 208,180,137 , 112,41,3 
Sturdy ,112,41,3 , 150,58,4 , 0,0,0
Placid ,145,111,93 , 127,127,127 , 112,41,3  
Conservative, 112,41,3 , 130,99,61 , 1,24,10
Heavy and Deep, 5,11,48 , 112,41,3 , 26,26,26 
Traditional ,53,21,3 , 112,11,1 , 149,78,29
Sturdy ,53,21,3 , 149,78,29 , 89,55,8
Untamed, 53,21,3 , 229,0,13 , 0,0,0
Practical, 138,101,97 , 112,41,3 , 53,21,3 
Conservative, 53,21,3 , 145,111,93 , 53,32,6
Heavy and Deep ,53,21,3 , 112,41,3 , 26,26,26  
Sound, 53,21,3 , 130,99,61 , 51,73,18
Strong and Robust ,53,21,3 , 82,82,82 , 0,0,0
Quiet and Sophisticated, 53,21,3 , 138,112,12 , 82,82,82 
Vivid ,212,0,57 , 255,127,0 , 255,242,0
Showy ,95,35,141 , 255,242,0 , 212,0,57
Bold ,255,242,0 , 229,0,13 , 0,0,0
Flamboyant, 229,0,13 , 255,242,0 , 17,147,82 
Dazzling ,255,127,0 , 95,35,141 , 255,242,0
Dynamic, 212,0,57 , 255,242,0 , 0,0,0  
Sporty, 255,242,0 , 255,255,255 , 26,67,155
Lively ,229,0,13 , 12,32,120 , 255,242,0
Intense ,95,35,141 , 255,242,0 , 0,0,0 
Hot ,229,0,13 , 191,169,11 , 112,41,3
Rich, 191,169,11 , 138,0,7 , 112,41,3
Substantial, 112,11,1 , 191,169,11 , 112,41,3
Ethnic ,138,0,7 , 5,60,88 , 191,169,11 
Mature149,60,53 , 73,0,35 , 191,169,11
Luxurious, 138,0,7 , 191,169,11 , 32,10,70  
Extravagant, 105,0,51 , 106,51,135 , 191,169,11
Decorative ,212,0,57 , 191,169,11 , 95,35,141
Gorgeous ,105,0,51 , 191,169,11 , 72,13,104 
Cheerful ,251,103,89 , 255,242,63 , 251,167,89
Enjoyable, 255,127,0 , 255,242,63 , 78,181,135
Showyl ,229,0,13 , 255,242,63 , 106,51,135
Friendly, 253,192,145 , 255,250,184 , 255,242,63 
Pretty ,255,242,63 , 248,117,157 , 78,181,135
Casual, 229,0,13 , 255,242,63 , 57,89,153  
Youthful, 255,242,63 , 255,255,255 , 179,221,61
Open ,255,242,63 , 255,255,255 , 78,181,135
Young ,116,196,118 , 255,242,63 , 26,67,155 
Cheerful, 253,192,145 , 251,103,89 , 255,242,124
Cute ,248,117,157 , 255,242,124 , 145,209,127
Merry ,251,103,89 , 255,242,124 , 116,196,118
Healthy, 153,166,74 , 255,255,255 , 255,242,124 
Childlike, 251,167,89 , 255,242,124 , 153,216,212
Open ,153,166,74 , 255,242,124 , 153,215,179  
Citrus, 255,242,124 , 103,186,116 , 192,230,184
Youthful, 255,242,124 , 255,255,255 , 116,196,118
Young, 78,181,135 , 255,242,63 , 128,166,206 
Gentle, 208,194,142 , 255,250,184 , 208,180,137
Friendly, 253,192,145 , 255,250,184 , 255,242,63
Generous, 234,124,104 , 251,167,89 , 255,250,184
Free ,253,192,145 , 255,250,184 , 173,219,93 
Dreamy, 251,174,193 , 255,250,184 , 204,236,232
Open ,153,166,74 , 255,250,184 , 116,196,118  
Wholesome, 166,151,51 , 255,250,184 , 171,181,136
Plain ,255,250,184 , 171,181,136 , 186,186,186
Peaceful,  91,165,159 , 255,250,184 , 153,193,151 
Restful ,253,192,145 , 254,230,194 , 208,194,142
Intimate ,215,144,92 , 208,194,142 , 254,230,194
Pleasant ,234,124,104 , 208,194,142 , 215,144,92
Plain ,208,194,142 , 230,245,164 , 171,181,136 
Natural, 166,151,51 , 208,194,142 , 140,174,67
Friendly, 215,144,92 , 208,194,142 , 144,193,156  
Tranquil ,208,194,142 , 192,230,184 , 153,193,151
Simple and Appealing, 208,194,142 , 140,174,67 , 112,116,72
Dry  ,208,194,142 , 186,186,186 , 130,99,61 
Intimate ,166,151,51 , 215,144,92 , 208,194,142
Wholesome ,215,144,92 , 255,250,184 , 215,144,92
Simple and Appealing, 166,151,51 , 255,250,184 , 222,222,222
Restful, 242,100,1 , 208,194,142 , 166,151,51 
Calm, 208,194,142 , 166,151,51 , 130,99,61
Natural, 166,151,51 , 171,181,136 , 140,174,67  
Interesting, 166,151,51 , 47,105,70 , 32,10,70
Provincial, 166,151,51 , 112,116,72 , 138,112,12
Pastoral  ,150, 58 , 4 , 166,151,51 , 126,100,12 
Calm ,208,180,137 , 215,144,92 , 130,99,61
Nostalgic, 149,78,29 , 210,168,159 , 130,99,61
Conservative, 112,41,3 , 130,99,61 , 51,73,18
Dry, 208,194,142 , 186,186,186 , 130,99,61 
Japanese, 138,101,97 , 208,180,137 , 130,99,61
Sound ,51,51,51 , 130,99,61 , 10,21,82  
Sober ,186,186,186 , 130,99,61 , 127,127,127
Subtle and Mysterious, 130,99,61 , 51,51,51 , 127,127,127
Dapper,  4,36,65 , 130,99,61 , 0,0,0 
Pastoral ,215,144,92 , 138,112,12 , 112,41,3
Elaborate, 112,11,1 , 89,55,8 , 106,51,135
Old-fashioned ,112,11,1 , 138,112,12 , 26,26,26
Nostalgic, 234,124,104 , 73,0,35 , 138,112,12 
Diligent, 138,112,12 , 126,58,88 , 1,47,45
Mellow ,105,0,51 , 138,112,12 , 32,10,70  
Provincial ,145,111,93 , 186,186,186 , 138,112,12
Simple  Quiet and Elegant, 149,78,29 , 161,161,161 , 138,112,12
Quiet and Sophisticated, 53,21,3 , 138,112,12 , 82,82,82 
Extravagant ,138,0,7 , 126,100,12 , 112,41,3
Elaborate,  126,100,12 , 105,0,51 , 40,0,24
Gorgeous ,126,100,12 , 138,0,7 , 32,10,70
Decorative ,227,26,42 , 126,100,12 , 72,13,104 
Ethnic, 112,11,1 , 126,100,12 , 99,63,110
Wild ,138,0,7 , 126,100,12 , 89,55,8  
Pastoral, 166,151,51 , 126,100,12 , 140,174,67
Rustic ,126,100,12 , 150,58,4 , 53,32,6
Bitterl , 112,41,3 , 126,100,12 , 51,51,51 
Tasteful ,89,55,8 , 138,101,97 , 32,10,70
Sturdy , 53,21,3 , 149 , 78, 29 , 89,55,8
Untamed, 89,55,8 , 0,0,0 , 73,114,26
Plaiced, 89,55,8 , 130,99,61 , 51,51,51 
Quiet and Sophisticated ,45,0,5 , 89,55,8 , 127,127,127
Old-fashioned, 73,0,35 , 138,112,12 , 89,55,8  
Bitter, 89,55,8 , 126,100,12 , 1,24,10
Traditional ,53,21,3 , 89,55,8 , 32,10,70
Conservative,  127,127,127 , 89,55,8 , 5,11,48 
Tasteful, 105,0,51 , 149,78,29 , 53,32,6
Rustic,  126,100,12 , 150,58,4 , 53,32,6
Heavy and Deep ,53,32,6 , 112,11,1 , 5,11,48
Quiet and Sophisticated, 45,0,5 , 130,99,61 , 53,32,6 
Bitter, 26,26,26 , 126,100,12 , 53,32,6
Serious ,0,0,0 , 53,32,6 , 112,41,3  
Placid, 53,32,6 , 161,161,161 , 1,22,23
Dapper ,126,100,12 , 130,99,61 , 10,21,82
Strong and Robust,  53,32,6 , 127,127,127 , 26,26,26 
Enjoyable ,255,127,0 , 255,242,0 , 140,201,25
Festive,  229,0,13 , 255,255,255 , 140,201,25
Flamboyant ,255,127,0 , 140,201,25 , 212,0,57
Healthy, 255,242,0 , 255,255,255 , 140,201,25 
Open ,255,242,0 , 255,250,184 , 140,201,25
Amusing 248,117,157 , 95,35,141 , 140,201,25  
Fresh, 140,201,25 , 255,255,255 , 192,230,184
Clean and Fresh, 140,201,25 , 255,255,255 , 128,166,206
Striking ,212,0,57 , 0,0,0 , 140,201,25 
Lighthearted ,215,144,92 , 255,250,184 , 115,184,29
Natural,  149,78,29 , 208,180,137 , 115,184,29
Untamed ,138,0,7 , 115,184,29 , 53,21,3
Wholesome ,166,151,51 , 255,255,255 , 115,184,29 
Interesting ,251,167,89 , 99,63,110 , 115,184,29
Ethnic, 126,58,88 , 126,100,12 , 115,184,29  
Calm, 255,250,184 , 115,184,29 , 138,112,12
Quiet, 115,184,29 , 222,222,222 , 103,124,100
Artistic, 222,222,222 , 115,184,29 , 82,82,82 
Sweet - Sour ,251,167,89 , 179,221,61 , 255,242,63
Cute  ,248,117,157 , 255,250,184 , 179,221,61
Bright ,255,242,63 , 229,0,13 , 179,221,61
Youthful, 255,242,63 , 255,255,255 , 179,221,61 
Friendly, 253,192,145 , 255,250,184 , 179,221,61
Citrus, 173,219,93 , 255,242,0 , 179,221,61  
Free ,179,221,61 , 255,250,184 , 153,215,179
Fresh ,179,221,61 , 255,255,255 , 128,166,206
Steady ,230,245,164 , 179,221,61 , 78,181,135 
Sweet - Sour, 250 , 250 , 184 , 251,167,89 , 173,219,93
Free , 215,144,92 , 255,250,184 , 173,219,93
Healthy ,253,192,145 , 254,230,194 , 173,219,93
Tranquil ,173,219,93 , 255,250,184 , 153,193,151 
Citrus ,173,219,93 , 255,242,0 , 230,245,164
Lighthearted, 153,166,74 , 173,219,93 , 255,250,184  
Fresh, 173,219,93 , 78,181,135 , 204,236,232
Clean and Fresh, 173,219,93 , 255,255,255 , 78,181,135
Youthful ,128,166,206 , 173,219,93 , 103,195,183 
Innocent ,253,217,205 , 255,255,255 , 230,245,164
Sunny, 253,192,145 , 254,230,194 , 230,245,164
Sweet - Sour ,230,245,164 , 251,167,89 , 191,230,200
Lightl ,255,250,184 , 255,255,255 , 230,245,164 
Soft ,230,245,164 , 253,217,205 , 217,228,228
Emotional, 234,216,227 , 217,228,228 , 230,245,164  
Plain ,208,194,142 , 230,245,164 , 171,181,136
Tranquil, 230,245,164 , 153,193,151 , 204,236,232
Steady, 230,245,164 , 179,221,61 , 78,181,135 
Soft, 210,168,159 , 242,242,242 , 171,181,136
Restful,  254,230,194 , 253,192,145 , 171,181,136
Domestic ,251,167,89 , 255,250,184 , 171,181,136
Pastoral, 166,151,51 , 140,174,67 , 171,181,136 
Wholesome, 215,144,92 , 255,250,184 , 171,181,136
Tranquil, 254,230,194 , 171,181,136 , 186,186,186  
Plain ,171,181,136 , 242,242,242 , 166,181,183
Natural ,166,151,51 , 171,181,136 , 140,174,67
Interesting ,165,123,177 , 145,111,93 , 171,181,136 
Pastoral, 191,169,11 , 208,194,142 , 96,122,38
Rustic, 112,41,3 , 149,78,29 , 96,122,38
Wild ,45,0,5 , 229,0,13 , 96,122,38
Simple Quiet and Elegant ,138,112,12 , 186,186,186 , 96,122,38 
Ethnic, 251,167,89 , 99,63,110 , 96,122,38
Mature ,72,13,104 , 138,0,7 , 96,122,38  
Japanese ,99,63,110 , 242,242,242 , 96,122,38
Quiet and Sophisticated ,186,186,186 , 51,51,51 , 96,122,38
Delignet, 53,32,6 , 96,122,38 , 26,26,26 
Mature ,191,169,11 , 227,26,42 , 73,114,26
Rich ,138,0,7 , 191,169,11 , 73,114,26
Elaborate ,72,13,104 , 73,114,26 , 0,0,0
Pastoral, 150,58,4 , 166,151,51 , 73,114,26 
Untamed ,53,21,3 , 73,114,26 , 26,26,26
Complex ,187,45,105 , 12,32,120 , 73,114,26  
Natural ,230,245,164 , 140,174,67 , 73,114,26
Grand ,103,186,116 , 73,114,26 , 5,60,88
Heavy and Deep ,73,114,26 , 186,186,186 , 0,0,0 
Wild, 32,10,70 , 191,169,11 , 51,73,18
Ethnic ,32,10,70 , 227,26,42 , 51,73,18
Untamed ,53,21,3 , 138,0,7 , 51,73,18
Pastoral ,149,78,29 , 171,181,136 , 51,73,18 
Tasteful ,149,60,53 , 51,73,18 , 145,111,93
Traditional, 32,10,70 , 150,58,4 , 51,73,18  
Subtle and Mysterious,115,95,108 , 82,82,82 , 51,73,18
Quiet and Sophisticated ,51,73,18 , 138,112,12 , 51,51,51
Conservative, 112,41,3 , 130,99,61 , 51,73,18 
Diligent, 112,41,3 , 150,58,4 , 33,36,10
Deep ,32,10,70 , 138,112,12 , 33,36,10
Untamed ,51,73,18 , 112,11,1 , 33,36,10
Practical, 53,21,3 , 145,111,93 , 33,36,10 
Splendid ,89,55,8 , 130,99,61 , 33,36,10
Masculine ,33,36,10 , 127,127,127 , 32,104,113  
Traditional, 138,112,12 , 112,41,3 , 33,36,10  
Solemn ,33,36,10 , 161,161,161 , 5,11,48
Serious ,53,21,3 , 82,82,82 , 33,36,10 
Vigorous, 229,0,13 , 255,242,0 , 17,147,82
Livery ,229,0,13 , 26,67,155 , 17,147,82
Provocative, 212,0,57 , 72,13,104 , 17,147,82
Vivid, 212,0,57 , 17,147,82 , 255,242,0 
Flamboyant, 212,0,57 , 255,127,0 , 17,147,82
Active ,229,0,13 , 0,0,0 , 17,147,82  
Steady, 230,245,164 , 140,201,25 , 17,147,82  
Showy ,255,242,124 , 17,147,82 , 95,35,141
Dynamic, 17,147,82 , 255,242,0 , 0,0,0 
Youthful ,140,201,25 , 255,242,124 , 52,156,83
Flamboyant ,212,0,57 , 255,242,0 , 52,156,83
Dynamic ,255,242,0 , 52,156,83 , 0,0,0
Fresh ,52,156,83 , 255,250,184 , 145,209,127 
Young ,52,156,83 , 255,242,124 , 57,89,153
Tropical, 187,45,105 , 0,0,0 , 52,156,83  
Clean and Fresh ,52,156,83 , 255,255,255 , 153,215,179  
Relaxed ,171,181,136 , 52,156,83 , 14,57,21
Steady, 52,156,83 , 222,222,222 , 10,21,82 
Lighthearted, 153,166,74 , 255,250,184 , 116,196,118
Enjoyable ,251,103,89 , 255,242,124 , 116,196,118
Merry, 248,117,157 , 255,242,0 , 116,196,118
Open ,255,250,184 , 255,242,63 , 116,196,118 
Bright, 229,0,13 , 249,223,226 , 116,196,118
Showy, 229,0,13 , 255,242,0 , 116,196,118  
Fresh, 255,250,184 , 173,219,93 , 116,196,118  
Youthful, 116,196,118 , 255,255,255 , 128,166,206
Provocative, 212,0,57 , 116,196,118 , 72,13,104 
Free ,173,219,93 , 255,250,184 , 145,209,127
Open ,254,230,194 , 255,242,124 , 145,209,127
Cute, 251,103,89 , 255,242,124 , 145,209,127
Fresh and Young ,145,209,127 , 192,230,184 , 255,255,255 
Fresh, 52,156,83 , 255,250,184 , 145,209,127
Steady ,255,250,184 , 145,209,127 , 57,89,153  
Pure and Simple ,207,179,215 , 255,255,255 , 145,209,127  
Refreshing, 145,209,127 , 255,255,255 , 128,166,206
Progressive, 145,209,127 , 242,242,242 , 51,51,51 
Charming, 253,217,205 , 255,255,255 , 192,230,184
Simple, 249,223,226 , 222,222,222 , 192,230,184
Innocent ,251,174,193 , 192,230,184 , 253,217,205
Neat ,192,230,184 , 255,255,255 , 191,230,200 
Citrus, 255,242,124 , 103,186,116 , 192,230,184
Fresh ,140,201,25 , 255,255,255 , 192,230,184  
Fresh and Young ,255,255,255 , 192,230,184 , 153,215,179  
Clear ,192,230,184 , 255,255,255 , 153,216,212
Quiet ,192,230,184 , 153,194,181 , 116,139,116 
Supple ,210,168,159 , 255,255,255 , 153,193,151
Natural, 171,181,136 , 255,250,184 , 153,193,151
Domestic ,253,192,145 , 254,230,194 , 153,193,151
Tranquil, 153,193,151 , 254,230,194 , 222,222,222 
Simple and Appealing  ,208,194,142 , 153,193,151 , 186,186,186
Peaceful ,153,193,151 , 116,139,116 , 186,186,186  
Pure and Simple , 153,193,151 , 242,242,242 , 153,215,179  
Plain, 171,181,136 , 153,193,151 , 230,245,164
Crystalline ,255,255,255 , 153,193,151 , 179,204,206 
Peaceful ,254,230,194 , 222,222,222 , 103,186,116
Citrus, 255,242,124 , 103,186,116 , 192,230,184
Healthy , 215,144,92 , 255,250,184 , 103,186,116
Fresh ,173,219,93 , 230,245,164 , 103,186,116 
Tranquil ,192,230,184 , 103,186,116 , 116,139,116
Neat ,103,186,116 , 255,255,255 , 191,230,200  
Fresh and Young, 103,186,116 , 255,255,255 , 153,215,179  
Grand, 103,186,116 , 73,114,26 , 5,60,88
Western ,103,186,116 , 234,216,227 , 123,150,181 
Peaceful ,103,124,100 , 208,194,142 , 161,161,161
Fashionable ,115,95,108 , 166,181,183 , 103,124,100
Stylish ,99,63,110 , 242,242,242 , 103,124,100
Urbane, 103,124,100 , 242,242,242 , 98,116,114 
Smart, 103,124,100 , 255,255,255 , 51,71,108
Grand ,191,230,200 , 103,124,100 , 40,0,24  
Interesting ,126,58,88 , 103,124,100 , 198,183,186  
Sober ,115,95,108 , 222,222,222 , 103,124,100
Quiet, 222,222,222 , 153,194,181 , 103,124,100 
Abundant, 242,100,1 , 227,26,42 , 47,105,70
Adult ,215,188,188 , 47,105,70 , 40,0,24
Complex, 187,45,105 , 112,11,1 , 47,105,70
Natural ,112,116,72 , 166,151,51 , 47,105,70 
Tranquil ,89,55,8 , n9 , 47,105,70
Interesting, 166,151,51 , 47,105,70 , 32,10,70  
Intellectual, 47,105,70 , 255,255,255 , 51,71,108  
Quiet, 47,105,70 , 144,193,156 , 121,123,131
Deep, 112,116,72 , 47,105,70 , 1,22,23 
Tropical, 212,0,57 , 255,127,0 , 0,86,48
Wild, 89,55,8 , 227,26,42 , 0,86,48
Ethnic ,105,0,51 , 191,169,11 , 0,86,48
Natural ,208,194,142 , 103,124,100 , 0,86,48 
Decorative, 72,13,104 , 0,86,48 , 186,186,186
Practical, 150,58,4 , 0,0,0 , 0,86,48  
Tranquil, 103,124,100 , 222,222,222 , 0,86,48  
Progressive ,0,86,48 , 1,78,70 , 12,32,120
Sound, 0,86,48 , 130,99,61 , 26,26,26 
Abundant ,229,0,13 , 255,127,0 , 14,57,21
Rich ,138,0,7 , 191,169,11 , 14,57,21
Robust, 0,0,0 , 138,0,7 , 14,57,21
Adult ,14,57,21 , 198,183,186 , 126,58,88 
Untamed, 112,41,3 , 149,78,29 , 14,57,21
Classic ,32,10,70 , 149,78,29 , 14,57,21  
Quiet, 186,186,186 , 116 , 139 , 116 , 14,57,21  
Dignified ,53,21,3 , 186,186,186 , 14,57,21
Practical, 45,0,5 , 138,112,12 , 14,57,21 
Quiet and Sophisticated, 53,21,3 , 127,127,127 , 1,24,10
Placid, 45,0,5 , 145,111,93 , 1,24,10
Heavy ,112,41,3 , 0,0,0 , 1,24,10
Bitter ,1,24,10 , 126,100,12 , 89,55,8 
Conservative, 112,41,3 , 130,99,61 , 1,24,10
Sound ,45,0,5 , 138,112,12 , 1,24,10  
Dignified,26,9,42 , 121,123,131 , 1,24,10  
Strong and Robust, 1,24,10 , 127,127,127 , 0,0,0
Heavy and Deep ,1,24,10 , 112,41,3 , 5,11,48 
Casual ,255,127,0 , 255,242,124 , 1,144,102
Showy ,255,127,0 , 1,144,102 , 212,0,57
Vigorous, 229,0,13 , 0,0,0 , 1,144,102
Agile, 1,144,102 , 255,255,255 , 26, 67, 155
Sporty ,1,144,102 , 255,242,0 , 10,21,82
Active , 255,242,63 , 1,144,102 , 0,0,0  
Progressive, 222,222,222 , 10,21,82 , 1,144,102  
Modern, 1,144,102 , 222,222,222 , 26,26,26
Sharp, 1,144,102 , 255,255,255 , 0,0,0 
Sporty, 229,0,13 , 255,255,255 , 40,163,119
Tropical, 212,0,57 , 153,166,74 , 40,163,119
Provocative, 95,35,141 , 212,0,57 , 40,163,119
Active, 40,163,119 , 255,242,124 , 10,21,82 
Grand ,153,194,181 , 40,163,119 , 192,230,184
Agile ,40,163,119 , 255,255,255 , 12,32,120  
Mysterious, 153,194,181 , 72,13,104 , 57,89,153  
Smart ,40,163,119 , 222,222,222 , 51,71,108
Sharp ,40,163,119 , 255,255,255 , 10,21,82 
Pretty ,251,167,89 , 255,242,124 , 78,181,135
Enjoyable ,242,100,1 , 255,242,63 , 78,181,135
Tropical, 212,0,57 , 78,181,135 , 255,242,0
Youthful ,179,221,61 , 255,242,124 , 78,181,135 
Young ,78,181,135 , 255,242,124 , 3,115,138
Colourful ,248,117,157 , 78,181,135 , 95,35,141  
Refreshing, 78,181,135 , 255,255,255 , 128,166,206  
Clean and Fresh ,78,181,135 , 255,255,255 , 26,67,155
Progressive,  192,230,184 , 78,181,135 , 26,67,155 
Healthy, 255,242,124 , 255,250,184 , 153,215,179
Clean and Fresh ,52,156,83 , 255,255,255 , 153,215,179
Western, 253,217,205 , 99,63,110 , 153,215,179
Pure, 255,255,255 , 230,245,164 , 78,181,135 
Fresh and Young, 204,236,232 , 153,215,179 , 26,67,155
Cultivated, 153,215,179 , 12,32,120 , 186,186,186  
Neat ,191,230,200 , 255,255,255 , 153,215,179  
Clean ,153,215,179 , 255,255,255 , 153,216,212
Crystalline , 153,215,179 , 255,255,255 , 26,67,155 
Supple ,253,217,205 , 242,242,242 , 191,230,200
Soft ,254,230,194 , BG.Vp , 230,245,164
Gentle, 208,180,137 , 191,230,200 , 255,250,184
Pure, 191,230,200 , 255,255,255 , 217,228,228 
Dreamy ,191,230,200 , 234,216,227 , 166,181,183
Steady, 191,230,200 , 153,216,212 , 32,104,113  
Neat ,191,230,200 , 255,255,255 , 153,215,179  
Clean ,191,230,200 , 255,255,255 , 179,204,206
Crystalline,  153,215,179 , 255,255,255 , 128,166,206 
Pretty ,251,174,193 , 255,250,184 , 144,193,156
Tender ,251,174,193 , 249,223,226 , 144,193,156
Lighthearted, 153,166,74 , 144,193,156 , 255,242,124
Peaceful, 208,180,137 , 255,250,184 , 144,193,156 
Friendly, 215,144,92 , 208,194,142 , 144,193,156
Stylish ,99,63,110 , 161,161,161 , 144,193,156  
Neat, 144,193,156 , 255,255,255 , 153,216,212  
Simple, 144,193,156 , 255,255,255 , 123,150,181
Crystalline,  255,255,255 , 144,193,156 , 128,166,206 
Casual ,234,124,104 , 255,242,124 , 90,177,132
Amusing, 248,117,157 , 255,242,63 , 90,177,132
Mysterious, 187,45,105 , 90,177,132 , 95,35,141
Dewy ,191,230,200 , 90,177,132 , 32,104,113 
Fresh and Young, 255,255,255 , 191,230,200 , 90,177,132
Cultivated, 191,230,200 , 150,58,4 , 51,71,108  
Fresh ,171,181,136 , 255,255,255 , 90,177,132  
Steady, 204,236,232 , 90,177,132 , 51,71,108
Western , 90,177,132 , 255,255,255 , 51,71,108 
Quiet, 192,230,184 , 153,194,181 , 116,139,116
Sober ,130,99,61 , 186,186,186 , 116,139,116
Urbane, 116,139,116 , 255,250,184 , 4,36,65
Dewy, 204,236,232 , 153,194,181 , 116,139,116 
Noble ,99,63,110 , 222,222,222 , 116,139,116
Distinguished,116,139,116 , 99,63,110 , 0,0,0  
Chic ,116,139,116 , 242,242,242 , 127,127,127  
Aqueous ,186,186,186 , 116,139,116 , 82,82,82
Intellectual , 116,139,116 , 222,222,222 , 4,36,65 
Ethnic, 126,58,88 , 37,95,81 , 191,169,11
Decorative, 32,10,70 , 187,45,105 , 37,95,81
Elaborate, 138,0,7 , 32,10,70 , 37,95,81
Exact ,37,95,81 , 161,161,161 , 5,11,48 
Mysterious ,95,35,141 , 187,45,105 , 37,95,81
Complex ,51,73,18 , 99,63,110 , 37,95,81  
Smart ,37,95,81 , 255,255,255 , 12,32,120  
Modern, 37,95,81 , 255,255,255 , 26,9,42
Magnificent ,153,194,181 , 37,95,81 , 4,36,65 
Casual, 138,0,7 , 242,242,242 , 1,78,70
Friendly ,215,144,92 , 1,78,70 , 166,151,51
Wild ,1,78,70 , 229,0,13 , 45,0,5
Smart ,1,78,70 , 198,183,186 , 51,71,108 
Elaborate ,112,116,72 , 1,78,70 , 32,10,70
Ethnic, 112,11,1 , 191,169,11 , 1,78,70  
Tranquil ,153,194,181 , 204,236,232 , 1,78,70  
Intellectual ,1,78,70 , 255,255,255 , 12,32,120
Deep, 33,36,10 , 96,122,38 , 1,78,70 
Ethnic, 126,100,12 , 138,0,7 , 1,47,45
Diligent ,1,47,45 , 191,169,11 , 1,47,45
Intrepid 112,41,3 , 130,99,61 , 1,47,45
Untamed, 1,47,45 , 191,169,11 , 0,0,0 
Elaborate, 73,0,35 , 191,169,11 , 1,47,45
Conservative, 112,41,3 , 130,99,61 , 1,47,45  
Exact ,98,116,114 , 1,47,45 , 127,127,127  
Metallic ,0,0,0 , 186,186,186 , 1,47,45
Majestic ,32,10,70 , 0,0,0 , 1,47,45 
Calm ,208,180,137 , 53,32,6 , 1,22,23
Classic ,45,0,5 , 145,111,93 , 1,22,23
Untamed ,1,22,23 , 138,0,7 , 0,0,0
Magnificent 116,139,116 , 37,95,81 , 5,11,48 
Sturdy 26,9,42 , 130,99,61 , 1,22,23
Heavy and Deep, 1,22,23 , 89,55,8 , 1,22,23  
Masculine, 1,22,23 , 204,236,232 , 51,71,108  
Placid ,53,32,6 , 127,127,127 , 1,22,23
Serious, 112,41,3 , 1,22,23 , 0,0,0 
Showy, 229,0,13 , 255,242,0 , 3,115,138
Vivid, 212,0,57 , 3,115,138 , 255,242,0
Active, 229,0,13 , 0,0,0 , 3,115,138
Sporty ,229,0,13 , 255,255,255 , 3,115,138 
Provocative, 95,35,141 , 212,0,57 , 3,115,138
Bold ,212,0,57 , 3,115,138 , 0,0,0l  
Young ,78,181,135 , 255,242,124 , 3,115,138  
Speedy ,26,67,155 , 255,255,255 , 3,115,138
Sharp, 3,115,138 , 255,255,255 , 0,0,0 
Young ,255,242,124 , 255,255,255l , 42,135,145
Casual ,229,0,13 , 255,242,63 , 42,135,145
Sporty ,212,0,57 , 255,255,255 , 42,135,145
Fresh and Young ,204,236,232 , 153,215,179 , 42,135,145 
Noble ,95,35,141 , 187,45,105 , 37,95,81
Smart ,12,32,120 , 255,255,255 , 42,135,145  
Masculine, 153,216,212 , 42,135,145 , 10,21,82  
Simple ,179,204,206 , 255,255,255 , 42,135,145
Modern ,42,135,145 , 222,222,222l , 0,0,0 
Open ,255,127,0 , 255,250,184 , 103,195,183
Enjoyable, 248,117,157 , 103,195,183 , 255,242,63
Striking ,229,0,13 , 0,0,0 , 103,195,183
Fresh ,179,221,61 , 255,255,255 , 103,195,183 
Youthful, 78,181,135 , 191,230,200 , 103,195,183
Agile, 0,0,0 , 255,255,255 , 103,195,183  
Refreshing, 145,209,127 , 255,255,255 , 103,195,183  
Crystalline, 128,166,206 , 255,255,255 , 103,195,183
Speedy ,128,166,206 , 255,255,255 , 103,195,183 
Peaceful, 253,292,245, 255,250,184 , 153,216,212
Cute ,251,167,89 , 255,242,124 , 153,216,212
Childlike ,251,103,89 , 255,250,184 , 153,216,212
Clear ,192,230,184 , 255,255,255 , 153,216,212 
Simple ,98,116,114 , 255,255,255 , 153,216,212
Clean and Fresh, 78,181,135 , 255,255,255 , 153,216,212  
Crystalline, 204,236,232 , 255,255,255 , 153,216,212  
Clean ,179,204,206 , 255,255,255 , 153,216,212
Smart ,128,166,206 , 255,255,255l , 153,216,212 
Charming, 251,174,193 , 249,223,226 , 204,236,232
Dreamy ,251,174,193 , 204,236,232 , 255,250,184
Pure and Simple, 207,179,215 , 204,236,232 , 254,230,194
Romantic ,249,223,226 , 255,255,255 , 204,236,232 
Crystalline ,204,236,232 , 255,255,255 , 153,216,212
Fresh and Young 78,181,135 , 204,236,232 , 255,255,255  
Clear 153,215,179 , 255,255,255 , 204,236,232  
Pure 204,236,232 , 255,255,255 , 128,166,206
Refreshing ,204,236,232 , 255,255,255 , 103,195,183 
Delicate ,254,230,194 , 198,183,186 , 153,194,181
Polished ,115,95,108 , 255,255,255 , 153,194,181
Eminent, 72,13,104 , 153,194,181 , 5,11,48
Salty, 166,151,51 , 255,255,255 , 153,194,181 
Quiet, 222,222,222 , 153,194,181 , 103,124,100
Urbane, 153,194,181 , 217,228,228 , 91,165,159  
Pure and Simple, 153,194,181 , 217,228,228 , 91,165,159  
Dewy, 204,236,232 , 153,194,181 , 161,161,161
Distinguished,204,236,232 , 255,255,255 , 103,195,183 
Peaceful ,153,193,151 , 255,250,184 , 91,165,159
Noble and Elegant, 106,51,135 , 91,165,159 , 198,183,186
Stylish, 0,0,0 , 99,63,110 , 91,165,159
Interesting ,171,181,136 , 165,123,177 , 91,165,159 
Urbane ,91,165,159 , 242,242,242 , 51,71,108
Intellectual ,123,150,181 , 51,71,108 , 91,165,159  
Smart ,255,250,184 , 91,165,159 , 5,11,48  
Pure and Simple, 153,194,181 , 217,228,228 , 91,165,159
Precise, 91,165,159 , 166,181,183 , 5,11,48 
Peaceful, 98,116,114 , 222,222,222 , 82,82,82
Quiet , 222,222,222 , 98,116,114 , 51,71,108
Composed ,204,236,232 , 98, 116 , 114 , 26,26,26
Exact ,98,116,114 , 51,71,108 , 51,51,51 
Sublime, 26,26,26 , 98,116,114 , 12,32,120
Distinguished, 153,194,181 , 98,116,114 , 51,51,51  
Dignified, 32,10,70 , 98,116,114 , 1,24,10  
Solemn, 127,127,127 , 5,11,48 , 98,116,114
Authoritative, 26,26,26 , 98,116,114 , 0,0,0 
Sober, 179,204,206 , 121,123,131 , 32,104,113
Exact ,82,82,82 , 116,139,116 , 32,104,113
Practical ,130,99,61 , 32,104,113 , 26,26,26
Urbane ,127,127,127 , 51,71,108I , 32,104,113 
Composed,222,222,222 , 32,104,113 , 0,0,0
Masculine, 33,36,10 , 161,161,161 , 32,104,113  
Rational ,32,104,113 , 242,242,242 , 12,32,120  
Modern, 32,104,113 , 255,255,255 , 26,26,26
Precise ,32,104,113 , 166,181,183 , 10,21,82 
Ethnic ,138,0,7 , 5,60,88 , 191,169,11
Mysterious, 212,0,57 , 5,60,88 , 72,13,104
Intrepid ,5,60,88 , 126,100,12 , 5,11,48
Composed ,242,242,242 , 121,123,131 , 5,60,88 
Precise ,222,222,222 , 98,116,114 , 5,60,88
Precious, 72,13,104 , 242,242,242 , 5,60,88  
Agile ,5,60,88 , 255,255,255 , 128,166,206  
Masculine, 10,21,82 , 217,228,228 , 5,60,88
Metallic ,26,9,42 , 242,242,242 , 5,60,88 
Dapper ,0,0,0 , 130,99,61 , 4,36,65
Sporty ,255,242,0 , 255,255,255 , 4,36,65
Intellectual ,4,36,65 , 222,222,222 , 116,139,116
Conservative ,112,41,3 , 138,112,12 , 4,36,65 
Urbane, 121,123,131 , 166,181,183 , 4,36,65
Rational, 51,71,108 , 166,181,183 , 4,36,65  
Dignified ,45,0,5 , 127,127,127 , 4, 36, 65  
Masculine ,4,36,65 , 222,222,222 , 57,89,153
Earnest, 127,127,127 , 242,242,242 , 4,36,65
Practical, 2,22,35 , 138,112,12 , 32,104,113
Robust, 53,32,6 , 138,0,7 , 2,22,35
Strong and Robust, 26,26,26 , 73,0,35 , 2,22,35
Sublime ,130,99,61 , 99,63,110 , 2,22,35 
Dapper ,53,32,6 , 130,99,61 , 2,22,35
Heavy and Deep, 1,22,23 , 89,55,8 , 2,22,35  
Progressive ,2,22,35 , 217,228,228 , 128,166,206  
Precise, 2,22,35 , 115,95,108 , 91,165,159
Solemn ,2,22,35 , 115,95,108 , 0,0,0
Lively ,229,0,13 , 153,166,74 , 26,67,155
Clean and Fresh ,78,181,135 , 255,255,255 , 26,67,155
Vigorous ,229,0,13 , 26,67,155 , 255,242,0
Fleet, 255,242,63 , 255,255,255 , 26,67,155 
Striking ,212,0,57 , 255,242,0 , 26,67,155
Intense, 1,22,23 , 255,242,0 , 26,67,155  
Nimble ,103,195,183 , 255,255,255 , 26,67,155  
Progressive ,78,181,135 , 192,230,184 , 26,67,155
Sharp ,0,0,0 , 255,255,255 , 26,67,155
Youthful, 255,242,124 , 255,255,255 , 57,89,153
Young ,255,242,124 , 153,215,179 , 57,89,153
Steady ,145,209,127 , 255,250,184 , 57,89,153
Neat ,255,255,255 , 191,230,200 , 26,67,155 
Urbane ,123,150,181 , 217,228,228 , 57,89,153
Masculine, 166,181,183 , 57,89,153 , 0,0,0  
Pure ,57,89,153 , 255,255,255 , 103,195,183  
Refreshing, 57,89,153 , 255,255,255 , 103,195,183
Intellectual, 0,0,0 , 255,255,255 , 57,89,153
Youthful, 255,242,124 , 255,255,255 , 128,166,206
Pure ,192,230,184 , 255,255,255 , 128,166,206
Clear ,153,216,212 , 255,255,255 , 128,166,206
Fresh ,179,221,61 , 255,255,255 , 128,166,206 
Fresh and Young,  204,236,232 , 153,215,179 , 128,166,206
Crystalline ,204,236,232 , 255,255,255 , 128,166,206  
Refreshing ,78,181,135 , 255,255,255 , 128,166,206  
Smart ,42,135,145 , 255,255,255 , 128,166,206
Progressive, 2,22,35 , 217,228,228 , 128,166,206
Casual ,251,103,89 , 255,242,63 , 179,204,206
Refined, 242,242,242 , 204,236,232 , 179,204,206
Clean ,179,204,206 , 255,255,255 , 153,216,212
Pure and Elegant, 179,204,206 , 255,255,255 , 99,63,110 
Polished  ,121,123,131 , 242,242,242 , 179,204,206
Refreshing, 179,204,206 , 217,228,228 , 153,215,179  
Distinguished, 10,21,82 , 179,204,206 , 99,63,110  
Sober ,179,204,206 , 121,123,131 , 32,104,113
Simple ,179,204,206 , 255,255,255 , 42,135,145
Emotional, 215,188,188 , 217,228,228 , 242,242,242
Romantic ,234,216,227, 217,228,228, 192,230,184 
Dreamy ,251,174,193, 254,230,194, 217,228,228 
Light ,255,250,184, 255,255,255, 217,228,228 
Polished, 121,123,131, 198,183,186, 217,228,228 
Sedate ,186,186,186, 115,95,108, 217,228,228 
Pure, 217,228,228, 255,255,255, 204,236,232 
Pure and Simple ,217,228,228, 153,194,181, 217,228,228 
Composed ,10,21,82, 217,228,228, 98,116,114
Delicate ,166,181,183, 198,183,186, 242,242,242 
Fashionable, 192,230,184, 166,181,183, 161,161,161 
Polished ,166,181,183, 242,242,242, 153,194,181 
Subtle ,234,216,227, 215,188,188, 166,181,183 
Urbane ,121,123,131, 222,222,222, 166,181,183 
Quiet ,242,242,242, 166,181,183, 161,161,161 
Noble and Elegant, 133,95,104, 166,181,183, 26,26,26 
Exact ,82,82,82, 166,181,183, 51,71,108 
Precise, 91,165,159, 166,181,183, 2,22,35
Pure and Elegant, 204,236,232, 207,179,215, 123,150,181
Refined, 115,95,108, 222,222,222, 123,150,181 
Subtle and Mysterious, 82,82,82, 123,150,181, 123,150,181 
Simple, 222,222,222, 255,255,255, 123,150,181 
Urbane, 198,183,186, 123,150,181, 82,82,82 
Smart, 51,51,51, 217,228,228, 123,150,181 
Aristocratic, 2,22,35, 106,51,135, 123,150,181 
Crystalline, 204,236,232, 255,255,255, 123,150,181 
Intellectual, 26,26,26, 123,150,181, 57,89,153 
Refined, 215,188,188, 186,186,186, 121,123,131 
Graceful, 198,183,186, 165,123,177, 121,123,131 
Aqueous, 121,123,131, 179,204,206, 222,222,222 
Chic, 145,111,93, 222,222,222, 121,123,131 
Polished, 217,228,228, 198,183,186, 121,123,131 
Sober, 115,95,108, 222,222,222, 121,123,131 
Majestic, 32,10,70, 121,123,131, 26,26,26 
Urbane, 153,194,181, 121,123,131, 82,82,82 
Precise, 121,123,131, 222,222,222, 10,21,82
Progressive, 186,186,186, 255,250,184, 51,71,108
Steady, 51,71,108 , 192,230,184, 52,156,83
Western, 153,215,179, 255,255,255, 51,71,108 
Chic, 115,95,108, 186,186,186, 51,71,108
Quiet, 222,222,222 , 98,116,114, 51,71,108
Modern, 51,71,108 , 234,216,227, 51,51,51 
Intellectual, 123,150,181, 51,71,108, 91,165,159 
Cultivated, 51,71,108, 186,186,186 , 10,21,82
Masculine, 26,26,26, 255,255,255, 51,71,108I
Lively, 255,127,0, 12,32,120, 229,0,13 
Vigorous, 229,0,13, 255,242,0, 12,32,120 
Sublime, 12,32,120, 98,116,114, 26,26,26
Smart, 116,139,116, 255,255,255, 12,32,120 
Composed, 12,32,120, 161,161,161, 5,11,48 
Masculine, 26,9,42, 242,242,242, 12,32,120
Agile, 12,32,120, 255,255,255, 103,195,183 
Rational, 12,32,120, 242,242,242, 32,104,113 
Earnest, 26,26,26, 186,186,186, 12,32,120
Distinguished, 99,63,110, 179,204,206, 10,21,82
Eminent, 153,194,181, 99,63,110, 10,21,82
Earnest, 112,41,3, 161,161,161, 10,21,82
Intellectual, 10,21,82, 161,161,161 , 217,228,228 
Precise, 10,21,82, 222,222,222, 121,123,131 
Masculine, 5,60,88, 217,228,228 , 10,21,82
Agile, 255,242,0, 242,242,242, 10,21,82 
Sharp, 10,21,82, 255,255,255, 78,181,135 
Formal, 0,0,0, 186,186,186, 10,21,82
Dignified, 53,32,6, 130,99,61, 5,11,48 
Traditional, 112,41,3, 5,11,48, 112,116,72 
Metallic, 5,11,48, 242,242,242, 127,127,127
Sturdy, 5,11,48, 150,58,4, 0,0,0 
Solemn, 127,127,127, 5,11,48, 98,116,114 
Proper, 5,11,48, 242,242,242, 12,32,120
Strong and Robust, 45,0,5, 127,127,127, 5,11,48 
Heavy and Deep, 5,11,48, 112,41,3, 26,26,26 
Authoritative, 5,11,48, 98,116,114, 26,26,26
Dazzling, 255,127,0, 95,35,141, 255,242,0 
Glossy, 251,103,89, 212,0,57, 95,35,141 
Amusing, 248,117,157, 95,35,141, 140,201,25 
Showy, 212,0,57, 95,35,141, 255,242,0 
Fascinating, 229,0,13, 251,167,89, 95,35,141 
Mysterious, 187,45,105, 90,177,132, 95,35,141 
Decorative, 95,35,141, 191,169,11, 138,0,7 
Brilliant, 207,179,215, 248,117,157, 95,35,141 
Provocative, 212,0,57, 116,196,118, 95,35,141
Alluring, 187,45,105, 251,174,193, 106,51,135 
Glossy, 215,188,188, 202,130,144, 106,51,135 
Noble and Elegant, 106,51,135, 179,204,206, 121,123,131 
Brilliant, 251,103,89, 187,45,105, 106,51,135 
Mysterious, 187,45,105, 145,209,127, 106,51,135 
Eminent, 106,51,135, 166,181,183, 10,21,82 
Elaborate, 138,112,12, 112,11,1, 106,51,135 
Aristocratic, 115,95,108, 106,51,135, 26,26,26 
Precious, 10,21,82, 106,51,135, 0,0,0
Colourful, 255,242,63, 251,103,89, 177,137,193 
Amusing, 251,103,89, 179,221,61, 177,137,193
Refined, 177,137,193, 222,222,222, 179,204,206 
Brilliant, 177,137,193, 207,179,215, 106,51,135 
Sleek, 207,179,215, 177,137,193, 121,123,131
Glossy, 212,0,57, 177,137,193, 95,35,141 
Pure and Elegant , 177,137,193, 207,179,215, 217,228,228
Modern 255,255,255, 177,137,193, 0,0,0
Alluring 187,45,105 , 177,137,193 , 26,9,42
Tender, 251,174,193, 253,217,205, 207,179,215 
Feminine, 202,130,144, 251,167,89, 234,216,227
Sweet and Dreamy, 251,167,89, 249,223,226, 207,179,215 
Emotional, 249,223,226, 207,179,215, 115,95,108
Pure and Simple, 207,179,215, 242,242,242, 166,181,183 
Pure and Elegant, 234,216,227, 207,179,215, 123,150,181
Fascinating, 207,179,215, 248,117,157, 99,63,110 
Brilliant, 249,223,226, 207,179,215, 115,95,108 
Sleek, 207,179,215, 121,123,131, 198,183,186
Soft, 210,168,159, 234,216,227, 191,230,200 
Sweet and Dreamy, 253,192,145, 251,174,193, 234,216,227 
Feminine, 202,130,144, 234,216,227, 207,179,215
Romantic, 234,216,227, 255,250,184, 204,236,232 
Cultured, 215,188,188, 234,216,227, 198,183,186 
Delicate, 234,216,227, 186,186,186, 171,181,136 
Tender, 234,216,227, 198,183,186, 166,181,183 
Dreamy, 191,230,200, 234,216,227, 166,181,183 
Subtle, 234,216,227, 198,183,186, 166,181,183
Gentle and Elegant, 210,168,159, 249,223,226, 198,183,186 
Elegant, 249,223,226, 198,183,186, 133,95,104 
Graceful, 249,223,226, 198,183,186, 133,95,104 
Sedate, 198,183,186, 215,188,188, 166,181,183 
Cultured, 115,95,108, 198,183,186, 198,183,186 
Subtle, 215,188,188, 115,95,108, 198,183,186 
Delicate, 234,216,227, 198,183,186, 166,181,183 
Noble, 198,183,186, 204,236,232, 121,123,131 
Chic, 198,183,186, 204,236,232, 121,123,131
Feminine, 251,174,193, 254,230,194, 165,123,177 
Tender, 202,130,144, 234,216,227, 165,123,177 
Brilliant, 187,45,105, 165,123,177, 99,63,110
Emotional, 249,223,226, 191,230,200, 165,123,177 
Graceful, 251,174,193, 165,123,177, 115,95,108 
Elegant, 121,123,131, 165,123,177, 215,188,188
Pure and Simple, 165,123,177, 242,242,242, 91,165,159 
Fashionable, 115,95,108, 165,123,177, 191,230,200 
Interesting, 171,181,136, 165,123,177, 116,139,116
Graceful, 234,124,104, 215,188,188, 115,95,108 
Japanese, 112,116,72, 208,194,142, 115,95,108 
Subtle, 138,112,12, 115,95,108, 166,181,183
Elegant, 115,95,108, 165,123,177, 222,222,222 
Fashionable, 215,188,188, 115,95,108, 98,116,114 
Sleek, 126,56,88, 115,95,108, 186,186,186 
Refined, 115,95,108, 198,183,186, 123,150,181 
Sedate, 115,95,108, 242,242,242, 161,161,161 
Subtle and Mysterious, 115,95,108, 186,186,186, 26,26,26
Stylish, 166,151,51, 99,63,110, N 7 
Brilliant, 187,45,105, 165,123,177, 99,63,110 
Ethnic, 251,167,89, 99,63,110, 96,122,38
Distinguished, 116,139,116, 222,222,222, 99,63,110 
Aristocratic, 99,63,110, 121,123,131, 10,21,82 
Precious, 127,127,127, 0,0,0, 99,63,110
Noble and Elegant, 198,183,186, 123,150,181, 99,63,110 
Eminent, 123,150,181, 99,63,110, 0,0,0 
Sublime, 222,222,222 ,99,63,110, 26,26,26
Colourful, 212,0,57, 255,242,0, 72,13,104 
Luxurious, 138,0,7, 191,169,11, 72,13,104 
Gorgeous, 105,0,51, 191,169,11, 72,13,104
Brilliant, 187,45,105, 222,222,222, 72,13,104 
Mellow, 138,0,7, 138,101,97, 72,13,104 
Alluring, 187,45,105, 72,13,104, 126,56,88
Eminent, 72,13,104, 153,194,181, 5,11,48 
Extravagant, 112,11,1, 126,100,12, 72,13,104 
Precious, 72,13,104, 145,111,93, 0,0,0
Mellow, 105,0,51, 138,112,12, 32,10,70 
Elaborate, 138,0,7, 32,10,70, 37,95,81 
Decorative, 32,10,70, 187,45,105, 37,95,81
Tasteful, 89,55,8, 138,101,97, 32,10,70 
Classic, 149,78,29, 89,55,8, 32,10,70 
Traditional, 32,10,70, 150,58,4, 51,73,18
Modest, 32,10,70, 112,116,72, 186,186,186 
Sublime, 98,116,114, 32,10,70, 222,222,222 
Majestic, 32,10,70, 121,123,131, 0,0,0
Alluring, 187,45,105, 177,137,193, 26,9,42 
Rational, 222,222,222, 123,150,181, 26,9,42
Modern, 37,95,81, 255,255,255, 26,9,42 
Conservative, 53,21,3, 186,186,186, 26,9,42 
Dignified, 98,116,114, 1,24,10, 26,9,42 
Masculine, 5,11,48, 255,255,255 
Sturdy, 26,9,42, 130,99,61, 1,22,23 
Serious, 26,26,26, 89,55,8, 26,9,42 
Solemn, 26,9,42, 161,161,161, 51,51,51
Dazzling, 212,0,57, 255,255,255, 255,242,0 
Tropical, 212,0,57, 153,166,74, 40,163,119 
Dynamic, 212,0,57, 255,242,0, 0,0,0
Vivid, 212,0,57, 17,147,82, 255,242,0 
Showy, 212,0,57, 95,35,141, 255,242,0 
Fiery, 140,201,25, 212,0,57, 0,0,0
Flamboyant, 212,0,57, 255,242,0, 3,115,138 
Colourful, 191,169,11, 212,0,57, 72,13,104 
Provocative, 95,35,141, 212,0,57, 40,163,119
Abundant, 229,0,13, 255,127,0, 187,45,105 
Glossy, 248,117,157, 95,35,141, 187,45,105 
Amusing, 187,45,105, 255,242,0, 95,35,141 
Brilliant, 187,45,105, 251,174,193, 99,63,110 
Alluring, 212,0,57, 72,13,104, 187,45,105 
Decorative, 99,63,110, 0,0,0, 187,45,105
Western, 187,45,105, 242,242,242, 91,165,159 
Mysterious, 187,45,105, 145,209,127, 106,51,135 
Complex, 99,63,110, 187,45,105, 5,60,88
Cute, 248,117,157, 255,242,124, 78,181,135 
Happy, 248,117,157, 234,216,227, 229,0,13 
Fascinating, 207,179,215, 248,117,157, 99,63,110
Amusing, 153,166,74, 145,209,127, 248,117,157 
Merry, 248,117,157, 153,166,74, 140,201,25 
Colourful, 248,117,157, 78,181,135, 95,35,141
Childlike, 248,117,157, 255,242,124, 153,216,212 
Pretty, 248,117,157, 255,250,184, 128,166,206 
Enjoyable, 173,219,93, 248,117,157, 57,89,153
Pretty, 251,174,193, 255,255,255, 255,242,124 
Sweet, 251,167,89, 254,230,194, 251,174,193 
Charming, 251,174,193, 254,230,194, 191,230,200
Soft, 253,217,205, 251,174,193, 234,216,227
Sweet and Dreamy, 251,174,193, 253,217,205, 207,179,215 
Tender, 251,174,193, 249,223,226, 144,193,156 
Feminine, 165,123,177, 251,174,193, 191,230,200
Innocent, 251,174,193, 192,230,184, 253,217,205 
Dreamy, 251,174,193, 192,230,184, 253,217,205 
Agreeable to the touch, 210,168,159, 254,230,194, 249,223,226 
Supple, 249,223,226, 255,255,255, 192,230,184 
Romantic, 249,223,226, 255,255,255, 217,228,228
Sunny, 253,192,145, 255,250,184, 249,223,226 
Innocent, 251,174,193, 249,223,226, 255,250,184 
Charming, 251,174,193, 249,223,226, 204,236,232
Pleasant, 208,180,137, 234,124,104, 249,223,226 
Gentle and Elegant, 210,168,159, 249,223,226, 198,183,186 
Emotional, 249,223,226, 191,230,200, 165,123,177
Mild, 208,180,137, 254,230,194, 215,188,188 
Cultured, 215,188,188, 234,216,227, 198,183,186 
Emotional, 215,188,188, 234,124,104, 145,111,93
Feminine, 215,188,188, 254,230,194, 207,179,215 
Delicate, 234,216,227, 198,183,186, 234,216,227 
Sleek, 234,216,227, 215,188,188, 115,95,108
Graceful, 215,188,188, 242,242,242, 165,123,177 
Supple, 254 , 230 ,194, 166,181,183, 215,188,188 
Refined, 215,188,188, 186,186,186, 121,123,131
Pleasant, 138,101,97, 210,168,159, 202,130,144 
Tender, 202,130,144, 234,216,227, 165,123,177 
Feminine, 202,130,144, 207,179,215, 234,216,227 
Sedate, 202,130,144, 115,95,108, 126,56,88 
Graceful, 202,130,144, 133,95,104, 99,63,110 
Nostalgic, 138,101,97, 51,73,18, 202,130,144 
Alluring, 126,56,88, 202,130,144, 99,63,110
Western, 217,228,228, 202,130,144, 10,21,82
Glossy , 212,0,57, 106,51,135, 202,130,144
Tender, 253,217,205, 234,124,104, 133,95,104 
Mild, 215,188,188, 186,186,186, 133,95,104 
Alluring, 227,26,42, 133,95,104, 99,63,110
Sleek, 210,168,159, 186,186,186, 133,95,104 
Emotional, 138,101,97, 198,183,186, 133,95,104 
Graceful, 215,188,188, 202,130,144, 133,95,104
Elegant, 234,216,227, 165,123,177, 133,95,104 
Subtle, 133,95,104, 198,183,186, 222,222,222 
Chic, 215,188,188, 202,130,144, 133,95,104
Sleek, 126,56,88, 115,95,108, 215,188,188 
Alluring, 126,56,88, 202,130,144, 99,63,110 
Mellow, 105,0,51, 227,26,42, 126,56,88
Interesting, 166,151,51, 126,56,88, 116,139,116 
Complex, 191,169,11, 37,95,81, 126,56,88 
Extravagant, 72,13,104, 191,169,11, 126,56,88
Cultured, 126,56,88, 242,242,242, 198,183,186 
Tasteful, 53,21,3, 130,99,61, 126,56,88 
Classic, 149,78,29, 126,56,88, 2,22,35
Mature ,105,0,51 , 227,26,42 , 138,112,12
Mellow, 105,0,51 , 149,78,29 , 32,10,70
Alluring ,105,0,51 , 112,41,3 , 1,24,10
Rustic ,112,41,3 , 138,112,12 , 40,0,24 
Sturdy ,40,0,24 , 89,55,8 , 0,0,0
Serious ,40,0,24 , 82,82,82 , 5,11,48  
Intrepid ,40,0,24 , 204,236,232 , 10,21,82  
Majestic ,40,0,24 , 161,161,161 , 26,9,42
Solemon ,40,0,24 , 127,127,127 , 0,0,0 
Substantial, 73,0,35 , 138,112,12 , 191,169,11
Elaborate, 73,0,35 , 191,169,11 , 1,47,45
Mature ,73,0,35 , 227,26,42 , 40,0,24
Mellow ,112,41,3 , 149,60,53 , 73,0,35 
Classic ,73,0,35 , 149,78,29 , 32,10,70
Old-fashioned ,73,0,35 , 138,112,12 , 51, 73,18  
Tasteful, 53,32,6 , 138,112,12 , 73,0,35  
Majestic, 73,0,35 , 121,123,131 , 0,0,0
Strong and Robust ,26,26,26 , 73,0,35 , 2,22,35 
Luxurious ,227,26,42 , 191,169,11 , 73,0,35
Mature ,73,0,35 , 227,26,42 , 40,0,24
Heavy and Deep ,40,0,24 , 112,41,3 , 1,24,10
Rustic ,112,41,3 , 138,112,12 , 40,0,24 
Sturdy ,40,0,24 , 89,55,8 , 0,0,0
Serious, 40,0,24 , 82,82,82 , 5,11,48  
Intrepid, 40,0,24 , 204,236,232 , 10,21,82  
Majestic ,40,0,24 , 161,161,161 , 26,9,42
Solemon, 40,0,24 , 127,127,127 , 0,0,0 
Cultured, 115,95,108, 215,188,188, 242,242,242 
Sedate, 138,101,97, 198,183,186, 242,242,242 
Dry, 208,194,142, 242,242,242, 130,99,61
Pure and Simple, 207,179,215, 242,242,242, 166,181,183 
Quiet, 242,242,242, 98,116,114, 51,71,108 
Composed, 242,242,242, 98,116,114, 5,60,88
Noble, 121,123,131, 242,242,242, 116,139,116 
Polished, 153,194,181, 242,242,242, 166,181,183 
Metallic, 127,127,127, 242,242,242, 5,11,48
Romantic, 249,223,226, 255,255,255, 192,230,184 
Festive, 229,0,13, 255,255,255, 255,242,0 
Sporty, 229,0,13, 255,255,255, 12,32,120
Clear, 153,215,179, 255,255,255, 204,236,232 
Simple, 222,222,222, 255,255,255, 123,150,181 
Fresh, 179,221,61, 255,255,255, 128,166,206
Crystalline, 153,215,179, 255,255,255, 128,166,206 
Youthful, 255,242,124, 255,255,255, 116,196,118 
Sharp, 1,144,102, 255,255,255, 0,0,0
Chic, 145,111,93, 222,222,222, 121,123,131 
Simple Quiet and Elegant, 145,111,93, 222,222,222, 123,150,181 
Distinguished, 222,222,222, 98,116,114, 32,104,113
Refined, 115,95,108, 222,222,222, 123,150,181 
Sober, 112,116,72, 222,222,222, 166,181,183 
Rational, 57,89,153, 10,21,82, 222,222,222
Quiet, 98,116,114, 51,71,108, 222,222,222 
Youthful, 4,36,65, 222,222,222, 116,139,116 
Modern, 26,26,26, 222,222,222, 1,144,102
Elegant, 115,95,108, 186,186,186, 215,188,188 
Tranquil, 153,193,151, 208,194,142, 186,186,186 
Subtle, 198,183,186, 186,186,186, 121,123,131
Chic, 115,95,108, 186,186,186, 98,116,114 
Simple and Appealing, 166,151,51, 130,99,61, 186,186,186 
Earnest, 5,11,48, 186,186,186, 12,32,120
Sober, 130,99,61, 186,186,186, 112,116,72 
Simple Quiet and Elegant, 112,41,3, 186,186,186, 138,112,12 
Metallic, 1,47,45, 186,186,186, 0,0,0
Simple and Appealing, 112,116,72, 208,194,142, 161,161,161 
Simple Quiet and Elegant, 145,111,93, 161,161,161, 222,222,222 
Intellectual, 217,228,228, 161,161,161, 10,21,82 
Provincial,  138,112,12, 161,161,161, 130,99,61 
Modest, 161,161,161, 112,116,72, 45,0,5
Solemn, 5,11,48, 161,161,161, 26,26,26 
Masculine, 33,36,10, 161,161,161, 32,104,113  
Formal, 112,41,3, 161,161,161, 12,32,120
Subli   me, 161,161,161, 0,0,0, 115,95,108
Sober, 112,116,72, 186,186,186, 127,127,127 
Chic, 116,139,116, 242,242,242, 127,127,127 
Earnest, 4,36,65, 242,242,242, 127,127,127
Majestic, 32,10,70, 127,127,127, 26,26,26 
Solemn, 127,127,127, 5,11,48 ,98,116,114
Exact, 10,21,82, 0,0,0 , 127 , 127 , 127
Sound, 112,41,3, 5,11,48, 53,32,6 
Strong and Robust, 127,127,127, 26,26,26 
Dignified, 10,21,82, 127,127,127, 0,0,0
Provincial, 222,222,222, 112,116,72, 82,82,82 
Diligent, 82,82,82, 145,111,93, 130,99,61 
Serious, 45,0,5, 82,82,82, 0,0,0
Chic, 133,95,104, 198,183,186, 82,82,82 
Subtle and Mysterious, 130,99,61, 82,82,82, 26,26,26 
Exact, 2,22,35, 82,82,82, 166,181,183
Urbane, 91,165,159, 115,95,108, 82,82,82 
Formal, 82,82,82, 242,242,242, 5,11,48 
Precise, 26,26,26, 98,116,114 , 82,82,82
Salty, 166,151,51, 51,51,51, 98,116,114 
Bitter, 53,32,6, 130,99,61, 51,51,51 
Conservative, 130,99,61, 51,51,51, 112,41,3 
Exact, 127,127,127, 166,181,183, 51,51,51 
Subtle and Mysterious, 127,127,127, 51,51,51, 145,111,93 
Quiet and Sophisticated, 89,55,8, 1,24,10, 51,51,51 
Urbane, 51,51,51, 98,116,114, 153,194,181 
Authoritative, 51,51,51, 161,161,161, 10,21,82 
Solemn, 51,51,51, 121,123,131, 5,11,48
Subtle and Mysterious, 115,95,108, 186,186,186, 26,26,26 
Old-Fashioned, 112,41,3, 149,78,29, 26,26,26 
Robust, 45,0,5, 138,0,7, 26,26,26
Intellectual, 26,26,26, 222,222,222, 91,165,159 
Sturdy, 53,32,6, 112,116,72, 26,26,26 
Heavy and Deep, 26,26,26, 112,41,3, 5,11,48
Formal, 26,26,26, 242,242,242, 121,123,131 
Sublime, 26,26,26, 12,32,120, 98,116,114 
Authoritative, 5,11,48, 98,116,114, 26,26,26
Bold, 229,0,13, 0,0,0, 255,242,0 
Fiery, 0,0,0, 255,127,0, 229,0,13 
Striking, 212,0,57, 0,0,0, 1,144,102 
Strong and Robust, 53,21,3, 145,111,93, 0,0,0
Stylish, 0,0,0, 99,63,110, 91,165,159 
Intense, 95,35,141, 255,242,0, 0,0,0 
Sharp, 0,0,0, 255,255,255, 26,67,155 
Metallic, 53,21,3, 145,111,93, 0,0,0
Modern, 0,0,0, 51,71,108, 186,186,186










